{
  "Recall@1": 0.005187106335679882,
  "MRR": 0.02080783822329155,
  "Recall@5": 0.023341978510559466,
  "Recall@10": 0.04186735828084476,
  "T=4 S->T": 0.5524268247499073,
  "T=4 T->S": 0.5513153019636903,
  "T=10 S->T": 0.3308632826972953,
  "T=10 T->S": 0.33530937384216375,
  "T=20 S->T": 0.2419414597999259,
  "T=20 T->S": 0.2297147091515376,
  "gallery_size": 2699.0
}
