{
  "Recall@1": 0.05517241379310345,
  "MRR": 0.12066567015324214,
  "Recall@5": 0.1724137931034483,
  "Recall@10": 0.25057471264367814,
  "T=4 S->T": 0.639080459770115,
  "T=4 T->S": 0.6574712643678161,
  "T=10 S->T": 0.4298850574712644,
  "T=10 T->S": 0.432183908045977,
  "T=20 S->T": 0.3103448275862069,
  "T=20 T->S": 0.30114942528735633,
  "gallery_size": 435.0
}
