{
  "Recall@1": 0.014820303816228233,
  "MRR": 0.03755438863266453,
  "Recall@5": 0.043719896257873286,
  "Recall@10": 0.07373101148573545,
  "T=4 S->T": 0.6239347906632086,
  "T=4 T->S": 0.6228232678769915,
  "T=10 S->T": 0.43090033345683587,
  "T=10 T->S": 0.41793256761763614,
  "T=20 S->T": 0.3145609484994442,
  "T=20 T->S": 0.30344572063727304,
  "gallery_size": 2699.0
}
