{
  "Recall@1": 0.034482758620689655,
  "MRR": 0.0835323926468682,
  "Recall@5": 0.1103448275862069,
  "Recall@10": 0.1793103448275862,
  "T=4 S->T": 0.5747126436781609,
  "T=4 T->S": 0.5540229885057472,
  "T=10 S->T": 0.3563218390804598,
  "T=10 T->S": 0.3632183908045977,
  "T=20 S->T": 0.25287356321839083,
  "T=20 T->S": 0.23448275862068965,
  "gallery_size": 435.0
}
