{
  "s2t_t10": 53.103448275862064,
  "s2t_t20": 40.0,
  "s2t_t4": 67.58620689655173,
  "t2s_t10": 45.05747126436781,
  "t2s_t20": 34.94252873563218,
  "t2s_t4": 64.59770114942529
}
