{
  "s2t_t10": 78.85057471264368,
  "s2t_t20": 66.89655172413794,
  "s2t_t4": 89.19540229885058,
  "t2s_t10": 76.0919540229885,
  "t2s_t20": 65.97701149425286,
  "t2s_t4": 84.82758620689656
}
