{
  "s2t_t10": 61.37931034482759,
  "s2t_t20": 52.18390804597701,
  "s2t_t4": 77.24137931034483,
  "t2s_t10": 61.37931034482759,
  "t2s_t20": 49.6551724137931,
  "t2s_t4": 76.32183908045977
}
