{
  "s2t_t10": 70.11494252873564,
  "s2t_t20": 55.40229885057472,
  "s2t_t4": 83.44827586206897,
  "t2s_t10": 71.49425287356321,
  "t2s_t20": 57.701149425287355,
  "t2s_t4": 83.44827586206897
}
